<?xml version="1.0" encoding="UTF-8"?>
<configuration debug="true" scan="true" scanPeriod="3 seconds">
	<contextName>LtsWeb</contextName>
	<jmxConfigurator />

	<statusListener class="ch.qos.logback.core.status.OnConsoleStatusListener" />
	
	
    <appender name="FILE" class="ch.qos.logback.core.rolling.RollingFileAppender">
        <file>D:/appdata/logs/LTS_DEV/online.log</file>
        <rollingPolicy class="ch.qos.logback.core.rolling.TimeBasedRollingPolicy">
            <fileNamePattern>F:/appdata/logs/LTS_REAL/online.%d{yyyy-MM-dd}.log
            </fileNamePattern>
            <maxHistory>30</maxHistory>
        </rollingPolicy>
        <encoder>
			<pattern>%d{HH:mm:ss.SSS} [%-5level] %logger{36} \(%file:%line\)-%msg %n</pattern>
        </encoder>
    </appender>
	

	<appender name="console" class="ch.qos.logback.core.ConsoleAppender">
		<encoder>
			<pattern>%d{HH:mm:ss.SSS} [%-5level] %logger{36} \(%file:%line\)-%msg %n</pattern>
		</encoder>
	</appender>

	<appender name="MSG_DB" class="hone.bom.log.BomDBAppender">
		<LoggingPolicy
			class="hone.ext.admin.oracle.log.OracleMessageDBLoggingPolicy"></LoggingPolicy>
		<connectionSource class="ch.qos.logback.core.db.DataSourceConnectionSource">
			<dataSource class="org.apache.commons.dbcp.BasicDataSource">
				<driverClassName>oracle.jdbc.driver.OracleDriver</driverClassName>
				<url>jdbc:oracle:thin:@10.248.80.53:11521:PLTS</url>
				<username>hone</username>
				<password>hone2016</password>
			</dataSource>
		</connectionSource>
	</appender>


	<appender name="REQ_DB" class="hone.bom.log.BomDBAppender">
		<LoggingPolicy class="htc.hone.log.LtsRequestDBLoggingPolicy"></LoggingPolicy>
		<filter class="hone.bom.log.PositionFilter">
			<Accepted>FRT.TX_END</Accepted>
		</filter>
		<!-- <connectionSource class="ch.qos.logback.core.db.JNDIConnectionSource"> 
			<jndiLocation>HoneLogDBPool</jndiLocation> </connectionSource> -->
		<connectionSource class="ch.qos.logback.core.db.DataSourceConnectionSource">
			<dataSource class="org.apache.commons.dbcp.BasicDataSource">
				<driverClassName>oracle.jdbc.driver.OracleDriver</driverClassName>
				<url>jdbc:oracle:thin:@10.248.80.53:11521:PLTS</url>
				<username>hone</username>
				<password>hone2016</password>
				<!-- <driverClassName>${log.jdbc.driverClassName}</driverClassName> -->
				<!-- <url>${log.jdbc.url}</url> -->
				<!-- <username>${log.jdbc.username}</username> -->
				<!-- <password>${log.jdbc.password}</password> -->
			</dataSource>
		</connectionSource>
	</appender>

	<appender name="TRACE_DB" class="hone.bom.log.BomDBAppender">
		<LoggingPolicy class="hone.ext.admin.oracle.log.OracleTraceDBLoggingPolicy"></LoggingPolicy>
<!-- 		<filter class="hone.bom.log.PositionFilter"> -->
<!-- 			<Accepted>AUDIT.ALL_CALL</Accepted> -->
<!-- 		</filter> -->
		<connectionSource class="ch.qos.logback.core.db.DataSourceConnectionSource">
			<dataSource class="org.apache.commons.dbcp.BasicDataSource">
				<driverClassName>oracle.jdbc.driver.OracleDriver</driverClassName>
				<url>jdbc:oracle:thin:@10.248.80.53:11521:PLTS</url>
				<username>hone</username>
				<password>hone2016</password>
				<!-- <driverClassName>${log.jdbc.driverClassName}</driverClassName> -->
				<!-- <url>${log.jdbc.url}</url> -->
				<!-- <username>${log.jdbc.username}</username> -->
				<!-- <password>${log.jdbc.password}</password> -->
			</dataSource>
		</connectionSource>
	</appender>

	<appender name="SERVICE_DB" class="hone.bom.log.BomDBAppender">
		<LoggingPolicy class="hone.ext.admin.oracle.log.OracleServiceDBLoggingPolicy"></LoggingPolicy>
		<filter class="hone.ext.admin.oracle.log.ServiceLogFilter" />
		<connectionSource class="ch.qos.logback.core.db.DataSourceConnectionSource">
			<dataSource class="org.apache.commons.dbcp.BasicDataSource">
				<driverClassName>oracle.jdbc.driver.OracleDriver</driverClassName>
				<url>jdbc:oracle:thin:@10.248.80.51:11521:DLTS</url>
				<username>hone</username>
				<password>hone2016</password>
				<!-- <driverClassName>${log.jdbc.driverClassName}</driverClassName> -->
				<!-- <url>${log.jdbc.url}</url> -->
				<!-- <username>${log.jdbc.username}</username> -->
				<!-- <password>${log.jdbc.password}</password> -->
			</dataSource>
		</connectionSource>
	</appender>

	<appender name="FRONT_ERROR_DB" class="hone.bom.log.BomDBAppender">
		<LoggingPolicy class="hone.ext.admin.oracle.log.OracleErrorDBLoggingPolicy"></LoggingPolicy>
		<filter class="hone.bom.log.ErrorFilter"></filter>
		<connectionSource class="ch.qos.logback.core.db.DataSourceConnectionSource">
			<dataSource class="org.apache.commons.dbcp.BasicDataSource">
				<driverClassName>oracle.jdbc.driver.OracleDriver</driverClassName>
				<url>jdbc:oracle:thin:@10.248.80.51:11521:DLTS</url>
				<username>hone</username>
				<password>hone2016</password>
				<!-- <driverClassName>${log.jdbc.driverClassName}</driverClassName> -->
				<!-- <url>${log.jdbc.url}</url> -->
				<!-- <username>${log.jdbc.username}</username> -->
				<!-- <password>${log.jdbc.password}</password> -->
			</dataSource>
		</connectionSource>
	</appender>

	<appender name="ASYNC_MSG_DB" class="ch.qos.logback.classic.AsyncAppender">
		<neverBlock>true</neverBlock>
		<queueSize>2048</queueSize>
		<appender-ref ref="MSG_DB" />
	</appender>

	<appender name="ASYNC_REQ_DB" class="ch.qos.logback.classic.AsyncAppender">
		<queueSize>2048</queueSize>
		<neverBlock>true</neverBlock>
		<appender-ref ref="REQ_DB" />
	</appender>

	<appender name="ASYNC_TRACE_DB" class="ch.qos.logback.classic.AsyncAppender">
		<queueSize>2048</queueSize>
		<neverBlock>true</neverBlock>
		<appender-ref ref="TRACE_DB" />
	</appender>
	
	<appender name="ASYNC_SERVICE_DB" class="ch.qos.logback.classic.AsyncAppender">
		<queueSize>2048</queueSize>
		<neverBlock>true</neverBlock>
		<appender-ref ref="SERVICE_DB" />
	</appender>

	<logger name="hone.log.request" level="WARN" additivity="false">
		<appender-ref ref="console" />
		<appender-ref ref="REQ_DB" />
	</logger>

	<logger name="hone.log.message" level="WARN" additivity="false">
		<appender-ref ref="MSG_DB" />
	</logger>

	<logger name="hone.log.trace" level="WARN" additivity="false">
		<appender-ref ref="ASYNC_TRACE_DB" />
	</logger>

	<logger name="hone.log.error" level="ERROR" additivity="false">
		<appender-ref ref="console" />
		<appender-ref ref="FRONT_ERROR_DB" />
	</logger>
	
	<logger name="jdbc.sql" level="DEBUG" />
	<logger name="jdbc.resultset" level="DEBUG" />
	<logger name="org.springframework.security" level="INFO" />
	<logger name="org.springframework" level="INFO" />
	<logger name="org" level="INFO" />
	<logger name="com.tmax" level="INFO" />
	<logger name="com" level="INFO" />
	<logger name="hone" level="INFO" />

	<root>
		<level value="DEBUG" />
		<appender-ref ref="FILE" />
		<appender-ref ref="console" />
		<appender-ref ref="ASYNC_SERVICE_DB" />
	</root>

</configuration>