<com.hanwha.hone.datasource.model.DataSourceConfigModel>
  <profileList>
    <com.hanwha.hone.datasource.model.DataSourceConfigProfileModel>
      <name>LTSDEV</name>
      <connectionInfo>
        <providerId>OracleMetadataProvider</providerId>
        <properties>
          <property name="jdbcLibPath" value="ojdbc14-10.2.0.5.jar"/>
          <property name="user" value="LTSOWN"/>
          <property name="password" value="lts2016"/>
          <property name="url" value="jdbc:oracle:thin:@10.248.80.51:11521:DLTS"/>
          <property name="driverClassName" value="oracle.jdbc.driver.OracleDriver"/>
        </properties>
      </connectionInfo>
    </com.hanwha.hone.datasource.model.DataSourceConfigProfileModel>
    <com.hanwha.hone.datasource.model.DataSourceConfigProfileModel>
      <name>LTSDEV2</name>
      <connectionInfo>
        <providerId>OracleMetadataProvider</providerId>
        <properties>
          <property name="jdbcLibPath" value="ojdbc14-10.2.0.5.jar"/>
          <property name="user" value="LTSOWN"/>
          <property name="password" value="lts2016"/>
          <property name="url" value="jdbc:oracle:thin:@10.248.80.51:11521:DLTS"/>
          <property name="driverClassName" value="oracle.jdbc.driver.OracleDriver"/>
        </properties>
      </connectionInfo>
    </com.hanwha.hone.datasource.model.DataSourceConfigProfileModel>
  </profileList>
</com.hanwha.hone.datasource.model.DataSourceConfigModel>