<?xml version="1.0" encoding="utf-8"?>
<license version="1.0">
	<product>
		<name>XPLATFORM</name>
		<version>9</version>
		<function>Runtime,&#32;Widget,&#32;AJAX</function>
	</product>
	<customer>
		<name>TOBESOFT</name>
		<coreCount>0</coreCount>
		<ipAddress>0.0.0.0</ipAddress>
		<targetPlatform>Windows,CE,Linux</targetPlatform>
	</customer>
	<date>
		<activation>2016-12-01</activation>
		<term unit="month">2</term>
	</date>
	<key>588NS66AGGEPGXX873A1ZCW4JW54EEMCX</key>
</license>