<?xml version="1.0" encoding="utf-8"?>
<license version="1.0">
	<product>
		<name>XPLATFORM</name>
		<version>92</version>
		<function>Runtime,&#32;Widget</function>
	</product>
	<customer>
		<name>해군_LTS_군수지원_전산정보체계구축</name>
		<coreCount>8</coreCount>
		<ipAddress>10.248.80.51,10.248.80.52</ipAddress>
		<targetPlatform>Windows,Linux</targetPlatform>
	</customer>
	<date>
		<activation>2016-12-27</activation>
		<term>0</term>
	</date>
	<key>NFY331MJ6QYW3S3SFHBZB7R6NN52BNX87</key>
</license>