<hone.ide.core.settings.HoneProjectSettings>
  <configPath></configPath>
  <mainSrcPath></mainSrcPath>
  <basePackage></basePackage>
  <properties>
    <property name="package.dto" value="dto"/>
    <property name="suffix.impl" value="DaoImpl"/>
    <property name="dbio.provider.type" value="Standard"/>
    <property name="recentWork0" value="C:\Temp\M594006000_SMCNMS400601.blk;test;test;test;Test;test;PAGING;CN_BP0005_MT (진행업무);"/>
    <property name="ent.server.url" value=""/>
    <property name="omm.provider.store" value="src/main"/>
    <property name="package.dao" value="dao"/>
    <property name="omm.provider.type" value="Standard"/>
    <property name="ent.server.user.id" value=""/>
    <property name="suffix.dao" value="Dao"/>
    <property name="dbio.provider.store" value="src/main"/>
    <property name="ent.server.user.password" value=""/>
  </properties>
</hone.ide.core.settings.HoneProjectSettings>