<?xml version="1.0" encoding="UTF-8"?><database><tables><table name="BATCH_JOB_EXECUTION" type="TABLE"><columns><column name="JOB_EXECUTION_ID" table="BATCH_JOB_EXECUTION" type="NUMBER" index="false" notNull="true" pk="true" javaType="java.lang.Long" precision="19" scale="0" length="19"></column>
<column name="VERSION" table="BATCH_JOB_EXECUTION" type="NUMBER" index="false" notNull="false" pk="false" javaType="java.lang.Long" precision="19" scale="0" length="19"></column>
<column name="JOB_INSTANCE_ID" table="BATCH_JOB_EXECUTION" type="NUMBER" index="false" notNull="true" pk="false" javaType="java.lang.Long" precision="19" scale="0" length="19"></column>
<column name="CREATE_TIME" table="BATCH_JOB_EXECUTION" type="TIMESTAMP(6)" index="false" notNull="true" pk="false" javaType="java.util.Date" precision="11" scale="6" length="11"></column>
<column name="START_TIME" table="BATCH_JOB_EXECUTION" type="TIMESTAMP(6)" index="false" notNull="false" pk="false" javaType="java.util.Date" precision="11" scale="6" length="11"></column>
<column name="END_TIME" table="BATCH_JOB_EXECUTION" type="TIMESTAMP(6)" index="false" notNull="false" pk="false" javaType="java.util.Date" precision="11" scale="6" length="11"></column>
<column name="STATUS" table="BATCH_JOB_EXECUTION" type="VARCHAR2" index="false" notNull="false" pk="false" javaType="java.lang.String" precision="10" scale="0" length="10"></column>
<column name="EXIT_CODE" table="BATCH_JOB_EXECUTION" type="VARCHAR2" index="false" notNull="false" pk="false" javaType="java.lang.String" precision="100" scale="0" length="100"></column>
<column name="EXIT_MESSAGE" table="BATCH_JOB_EXECUTION" type="VARCHAR2" index="false" notNull="false" pk="false" javaType="java.lang.String" precision="2500" scale="0" length="2500"></column>
<column name="LAST_UPDATED" table="BATCH_JOB_EXECUTION" type="TIMESTAMP(6)" index="false" notNull="false" pk="false" javaType="java.util.Date" precision="11" scale="6" length="11"></column>
</columns><indices><index name="SYS_C0029729"><column name="JOB_EXECUTION_ID" table="BATCH_JOB_EXECUTION" type="NUMBER" index="false" notNull="true" pk="true" javaType="java.lang.Long" precision="19" scale="0" length="19"></column>
</index></indices></table><table name="BATCH_JOB_EXECUTION_CONTEXT" type="TABLE"><columns><column name="JOB_EXECUTION_ID" table="BATCH_JOB_EXECUTION_CONTEXT" type="NUMBER" index="false" notNull="true" pk="true" javaType="java.lang.Long" precision="19" scale="0" length="19"></column>
<column name="SHORT_CONTEXT" table="BATCH_JOB_EXECUTION_CONTEXT" type="VARCHAR2" index="false" notNull="true" pk="false" javaType="java.lang.String" precision="2500" scale="0" length="2500"></column>
<column name="SERIALIZED_CONTEXT" table="BATCH_JOB_EXECUTION_CONTEXT" type="CLOB" index="false" notNull="false" pk="false" javaType="java.lang.String" precision="4000" scale="0" length="4000"></column>
</columns><indices><index name="SYS_C0029748"><column name="JOB_EXECUTION_ID" table="BATCH_JOB_EXECUTION_CONTEXT" type="NUMBER" index="false" notNull="true" pk="true" javaType="java.lang.Long" precision="19" scale="0" length="19"></column>
</index></indices></table><table name="BATCH_JOB_INFO" type="TABLE"><columns><column name="JOB_ID" table="BATCH_JOB_INFO" type="VARCHAR2" index="false" notNull="false" pk="false" javaType="java.lang.String" precision="100" scale="0" length="100"></column>
<column name="JOB_TYPE" table="BATCH_JOB_INFO" type="VARCHAR2" index="false" notNull="false" pk="false" javaType="java.lang.String" precision="20" scale="0" length="20"></column>
<column name="CONTAINER_TYPE" table="BATCH_JOB_INFO" type="VARCHAR2" index="false" notNull="false" pk="false" javaType="java.lang.String" precision="40" scale="0" length="40"></column>
<column name="PROJECT_NAME" table="BATCH_JOB_INFO" type="VARCHAR2" index="false" notNull="false" pk="false" javaType="java.lang.String" precision="100" scale="0" length="100"></column>
<column name="CREATED_DATE" table="BATCH_JOB_INFO" type="TIMESTAMP(6)" index="false" notNull="false" pk="false" javaType="java.util.Date" precision="11" scale="6" length="11"></column>
<column name="JOB_PARAMS" table="BATCH_JOB_INFO" type="VARCHAR2" index="false" notNull="false" pk="false" javaType="java.lang.String" precision="2000" scale="0" length="2000"></column>
<column name="DIST_COUNT" table="BATCH_JOB_INFO" type="NUMBER" index="false" notNull="false" pk="false" javaType="java.lang.Long" precision="10" scale="0" length="10"></column>
<column name="PARALLEL_KEY_NAME" table="BATCH_JOB_INFO" type="VARCHAR2" index="false" notNull="false" pk="false" javaType="java.lang.String" precision="100" scale="0" length="100"></column>
<column name="PARALLEL_KEYS" table="BATCH_JOB_INFO" type="VARCHAR2" index="false" notNull="false" pk="false" javaType="java.lang.String" precision="2000" scale="0" length="2000"></column>
</columns><indices></indices></table><table name="BATCH_JOB_INSTANCE" type="TABLE"><columns><column name="JOB_INSTANCE_ID" table="BATCH_JOB_INSTANCE" type="NUMBER" index="false" notNull="true" pk="true" javaType="java.lang.Long" precision="19" scale="0" length="19"></column>
<column name="VERSION" table="BATCH_JOB_INSTANCE" type="NUMBER" index="false" notNull="false" pk="false" javaType="java.lang.Long" precision="19" scale="0" length="19"></column>
<column name="JOB_NAME" table="BATCH_JOB_INSTANCE" type="VARCHAR2" index="false" notNull="true" pk="false" javaType="java.lang.String" precision="100" scale="0" length="100"></column>
<column name="JOB_KEY" table="BATCH_JOB_INSTANCE" type="VARCHAR2" index="false" notNull="true" pk="false" javaType="java.lang.String" precision="32" scale="0" length="32"></column>
</columns><indices><index name="JOB_INST_UN"><column name="JOB_NAME" table="BATCH_JOB_INSTANCE" type="VARCHAR2" index="false" notNull="true" pk="false" javaType="java.lang.String" precision="100" scale="0" length="100"></column>
<column name="JOB_KEY" table="BATCH_JOB_INSTANCE" type="VARCHAR2" index="false" notNull="true" pk="false" javaType="java.lang.String" precision="32" scale="0" length="32"></column>
</index><index name="SYS_C0029724"><column name="JOB_INSTANCE_ID" table="BATCH_JOB_INSTANCE" type="NUMBER" index="false" notNull="true" pk="true" javaType="java.lang.Long" precision="19" scale="0" length="19"></column>
</index></indices></table><table name="BATCH_JOB_PARAMS" type="TABLE"><columns><column name="JOB_INSTANCE_ID" table="BATCH_JOB_PARAMS" type="NUMBER" index="false" notNull="true" pk="false" javaType="java.lang.Long" precision="19" scale="0" length="19"></column>
<column name="TYPE_CD" table="BATCH_JOB_PARAMS" type="VARCHAR2" index="false" notNull="true" pk="false" javaType="java.lang.String" precision="6" scale="0" length="6"></column>
<column name="KEY_NAME" table="BATCH_JOB_PARAMS" type="VARCHAR2" index="false" notNull="true" pk="false" javaType="java.lang.String" precision="100" scale="0" length="100"></column>
<column name="STRING_VAL" table="BATCH_JOB_PARAMS" type="VARCHAR2" index="false" notNull="false" pk="false" javaType="java.lang.String" precision="250" scale="0" length="250"></column>
<column name="DATE_VAL" table="BATCH_JOB_PARAMS" type="TIMESTAMP(6)" index="false" notNull="false" pk="false" javaType="java.util.Date" precision="11" scale="6" length="11"></column>
<column name="LONG_VAL" table="BATCH_JOB_PARAMS" type="NUMBER" index="false" notNull="false" pk="false" javaType="java.lang.Long" precision="19" scale="0" length="19"></column>
<column name="DOUBLE_VAL" table="BATCH_JOB_PARAMS" type="NUMBER" index="false" notNull="false" pk="false" javaType="java.lang.Long" precision="22" scale="0" length="22"></column>
</columns><indices></indices></table><table name="BATCH_JOB_SCHEDULE" type="TABLE"><columns><column name="JOB_ID" table="BATCH_JOB_SCHEDULE" type="VARCHAR2" index="false" notNull="false" pk="false" javaType="java.lang.String" precision="100" scale="0" length="100"></column>
<column name="SCHEDULE_GROUP" table="BATCH_JOB_SCHEDULE" type="VARCHAR2" index="false" notNull="false" pk="false" javaType="java.lang.String" precision="100" scale="0" length="100"></column>
<column name="SCHEDULE_NAME" table="BATCH_JOB_SCHEDULE" type="VARCHAR2" index="false" notNull="false" pk="false" javaType="java.lang.String" precision="100" scale="0" length="100"></column>
<column name="START_TIME" table="BATCH_JOB_SCHEDULE" type="TIMESTAMP(6)" index="false" notNull="false" pk="false" javaType="java.util.Date" precision="11" scale="6" length="11"></column>
<column name="CREATED_DATE" table="BATCH_JOB_SCHEDULE" type="TIMESTAMP(6)" index="false" notNull="false" pk="false" javaType="java.util.Date" precision="11" scale="6" length="11"></column>
<column name="SCHEDULE_TYPE" table="BATCH_JOB_SCHEDULE" type="VARCHAR2" index="false" notNull="false" pk="false" javaType="java.lang.String" precision="20" scale="0" length="20"></column>
<column name="CRON_EXPRESSION" table="BATCH_JOB_SCHEDULE" type="VARCHAR2" index="false" notNull="false" pk="false" javaType="java.lang.String" precision="1000" scale="0" length="1000"></column>
<column name="REPEAT_COUNT" table="BATCH_JOB_SCHEDULE" type="NUMBER" index="false" notNull="false" pk="false" javaType="java.lang.Long" precision="10" scale="0" length="10"></column>
<column name="REPEAT_INTERVAL" table="BATCH_JOB_SCHEDULE" type="NUMBER" index="false" notNull="false" pk="false" javaType="java.lang.Long" precision="10" scale="0" length="10"></column>
</columns><indices></indices></table><table name="BATCH_STEP_EXECUTION" type="TABLE"><columns><column name="STEP_EXECUTION_ID" table="BATCH_STEP_EXECUTION" type="NUMBER" index="false" notNull="true" pk="true" javaType="java.lang.Long" precision="19" scale="0" length="19"></column>
<column name="VERSION" table="BATCH_STEP_EXECUTION" type="NUMBER" index="false" notNull="true" pk="false" javaType="java.lang.Long" precision="19" scale="0" length="19"></column>
<column name="STEP_NAME" table="BATCH_STEP_EXECUTION" type="VARCHAR2" index="false" notNull="true" pk="false" javaType="java.lang.String" precision="100" scale="0" length="100"></column>
<column name="JOB_EXECUTION_ID" table="BATCH_STEP_EXECUTION" type="NUMBER" index="false" notNull="true" pk="false" javaType="java.lang.Long" precision="19" scale="0" length="19"></column>
<column name="START_TIME" table="BATCH_STEP_EXECUTION" type="TIMESTAMP(6)" index="false" notNull="true" pk="false" javaType="java.util.Date" precision="11" scale="6" length="11"></column>
<column name="END_TIME" table="BATCH_STEP_EXECUTION" type="TIMESTAMP(6)" index="false" notNull="false" pk="false" javaType="java.util.Date" precision="11" scale="6" length="11"></column>
<column name="STATUS" table="BATCH_STEP_EXECUTION" type="VARCHAR2" index="false" notNull="false" pk="false" javaType="java.lang.String" precision="10" scale="0" length="10"></column>
<column name="COMMIT_COUNT" table="BATCH_STEP_EXECUTION" type="NUMBER" index="false" notNull="false" pk="false" javaType="java.lang.Long" precision="19" scale="0" length="19"></column>
<column name="READ_COUNT" table="BATCH_STEP_EXECUTION" type="NUMBER" index="false" notNull="false" pk="false" javaType="java.lang.Long" precision="19" scale="0" length="19"></column>
<column name="FILTER_COUNT" table="BATCH_STEP_EXECUTION" type="NUMBER" index="false" notNull="false" pk="false" javaType="java.lang.Long" precision="19" scale="0" length="19"></column>
<column name="WRITE_COUNT" table="BATCH_STEP_EXECUTION" type="NUMBER" index="false" notNull="false" pk="false" javaType="java.lang.Long" precision="19" scale="0" length="19"></column>
<column name="READ_SKIP_COUNT" table="BATCH_STEP_EXECUTION" type="NUMBER" index="false" notNull="false" pk="false" javaType="java.lang.Long" precision="19" scale="0" length="19"></column>
<column name="WRITE_SKIP_COUNT" table="BATCH_STEP_EXECUTION" type="NUMBER" index="false" notNull="false" pk="false" javaType="java.lang.Long" precision="19" scale="0" length="19"></column>
<column name="PROCESS_SKIP_COUNT" table="BATCH_STEP_EXECUTION" type="NUMBER" index="false" notNull="false" pk="false" javaType="java.lang.Long" precision="19" scale="0" length="19"></column>
<column name="ROLLBACK_COUNT" table="BATCH_STEP_EXECUTION" type="NUMBER" index="false" notNull="false" pk="false" javaType="java.lang.Long" precision="19" scale="0" length="19"></column>
<column name="EXIT_CODE" table="BATCH_STEP_EXECUTION" type="VARCHAR2" index="false" notNull="false" pk="false" javaType="java.lang.String" precision="100" scale="0" length="100"></column>
<column name="EXIT_MESSAGE" table="BATCH_STEP_EXECUTION" type="VARCHAR2" index="false" notNull="false" pk="false" javaType="java.lang.String" precision="2500" scale="0" length="2500"></column>
<column name="LAST_UPDATED" table="BATCH_STEP_EXECUTION" type="TIMESTAMP(6)" index="false" notNull="false" pk="false" javaType="java.util.Date" precision="11" scale="6" length="11"></column>
</columns><indices><index name="SYS_C0029740"><column name="STEP_EXECUTION_ID" table="BATCH_STEP_EXECUTION" type="NUMBER" index="false" notNull="true" pk="true" javaType="java.lang.Long" precision="19" scale="0" length="19"></column>
</index></indices></table><table name="BATCH_STEP_EXECUTION_CONTEXT" type="TABLE"><columns><column name="STEP_EXECUTION_ID" table="BATCH_STEP_EXECUTION_CONTEXT" type="NUMBER" index="false" notNull="true" pk="true" javaType="java.lang.Long" precision="19" scale="0" length="19"></column>
<column name="SHORT_CONTEXT" table="BATCH_STEP_EXECUTION_CONTEXT" type="VARCHAR2" index="false" notNull="true" pk="false" javaType="java.lang.String" precision="2500" scale="0" length="2500"></column>
<column name="SERIALIZED_CONTEXT" table="BATCH_STEP_EXECUTION_CONTEXT" type="CLOB" index="false" notNull="false" pk="false" javaType="java.lang.String" precision="4000" scale="0" length="4000"></column>
</columns><indices><index name="SYS_C0029744"><column name="STEP_EXECUTION_ID" table="BATCH_STEP_EXECUTION_CONTEXT" type="NUMBER" index="false" notNull="true" pk="true" javaType="java.lang.Long" precision="19" scale="0" length="19"></column>
</index></indices></table><table name="CUIN_MASTER_HISTORY_MAP" type="TABLE"><columns><column name="MASTER_TABLE_NAME" table="CUIN_MASTER_HISTORY_MAP" type="VARCHAR2" index="false" notNull="true" pk="true" javaType="java.lang.String" precision="100" scale="0" length="100"></column>
<column name="MASTER_TABLE_DESC" table="CUIN_MASTER_HISTORY_MAP" type="VARCHAR2" index="false" notNull="false" pk="false" javaType="java.lang.String" precision="100" scale="0" length="100"></column>
<column name="HISTORY_TABLE_NAME" table="CUIN_MASTER_HISTORY_MAP" type="VARCHAR2" index="false" notNull="false" pk="false" javaType="java.lang.String" precision="100" scale="0" length="100"></column>
<column name="HISTORY_TABLE_DESC" table="CUIN_MASTER_HISTORY_MAP" type="VARCHAR2" index="false" notNull="false" pk="false" javaType="java.lang.String" precision="100" scale="0" length="100"></column>
<column name="CREATION_DATE" table="CUIN_MASTER_HISTORY_MAP" type="DATE" index="false" notNull="false" pk="false" javaType="java.util.Date" precision="7" scale="0" length="7"></column>
<column name="USE_YN" table="CUIN_MASTER_HISTORY_MAP" type="VARCHAR2" index="false" notNull="false" pk="false" javaType="java.lang.String" precision="1" scale="0" length="1"></column>
</columns><indices><index name="SYS_C0068704"><column name="MASTER_TABLE_NAME" table="CUIN_MASTER_HISTORY_MAP" type="VARCHAR2" index="false" notNull="true" pk="true" javaType="java.lang.String" precision="100" scale="0" length="100"></column>
</index></indices></table><table name="HONE_DBIO_DAOCLS" type="TABLE"><columns><column name="CLASSNAME" table="HONE_DBIO_DAOCLS" type="VARCHAR2" index="false" notNull="false" pk="false" javaType="java.lang.String" precision="200" scale="0" length="200"></column>
<column name="DOMAIN_ID" table="HONE_DBIO_DAOCLS" type="VARCHAR2" index="false" notNull="false" pk="false" javaType="java.lang.String" precision="20" scale="0" length="20"></column>
<column name="KEYWORDS" table="HONE_DBIO_DAOCLS" type="VARCHAR2" index="false" notNull="false" pk="false" javaType="java.lang.String" precision="100" scale="0" length="100"></column>
<column name="UPDATED_TIME" table="HONE_DBIO_DAOCLS" type="TIMESTAMP(6)" index="false" notNull="false" pk="false" javaType="java.util.Date" precision="11" scale="6" length="11"></column>
</columns><indices></indices></table><table name="HONE_DBIO_DOCUMENT" type="TABLE"><columns><column name="DOCUMENT_ID" table="HONE_DBIO_DOCUMENT" type="VARCHAR2" index="false" notNull="false" pk="false" javaType="java.lang.String" precision="200" scale="0" length="200"></column>
<column name="DOCUMENT_NAME" table="HONE_DBIO_DOCUMENT" type="VARCHAR2" index="false" notNull="false" pk="false" javaType="java.lang.String" precision="40" scale="0" length="40"></column>
<column name="DOMAIN_ID" table="HONE_DBIO_DOCUMENT" type="VARCHAR2" index="false" notNull="false" pk="false" javaType="java.lang.String" precision="20" scale="0" length="20"></column>
<column name="HQML_OBJECT" table="HONE_DBIO_DOCUMENT" type="CLOB" index="false" notNull="false" pk="false" javaType="java.lang.String" precision="4000" scale="0" length="4000"></column>
<column name="GROUP_SEQ" table="HONE_DBIO_DOCUMENT" type="NUMBER" index="false" notNull="false" pk="false" javaType="java.lang.Long" precision="22" scale="0" length="22"></column>
<column name="UPDATED_TIME" table="HONE_DBIO_DOCUMENT" type="TIMESTAMP(6)" index="false" notNull="false" pk="false" javaType="java.util.Date" precision="11" scale="6" length="11"></column>
</columns><indices></indices></table><table name="HONE_DBIO_GROUP" type="TABLE"><columns><column name="GROUP_SEQ" table="HONE_DBIO_GROUP" type="NUMBER" index="false" notNull="false" pk="false" javaType="java.lang.Long" precision="22" scale="0" length="22"></column>
<column name="GROUP_NAME" table="HONE_DBIO_GROUP" type="VARCHAR2" index="false" notNull="false" pk="false" javaType="java.lang.String" precision="40" scale="0" length="40"></column>
<column name="DOMAIN_ID" table="HONE_DBIO_GROUP" type="VARCHAR2" index="false" notNull="false" pk="false" javaType="java.lang.String" precision="20" scale="0" length="20"></column>
<column name="PARENT_SEQ" table="HONE_DBIO_GROUP" type="NUMBER" index="false" notNull="false" pk="false" javaType="java.lang.Long" precision="22" scale="0" length="22"></column>
<column name="UPDATED_TIME" table="HONE_DBIO_GROUP" type="TIMESTAMP(6)" index="false" notNull="false" pk="false" javaType="java.util.Date" precision="11" scale="6" length="11"></column>
</columns><indices></indices></table><table name="HONE_DBIO_METHOD" type="TABLE"><columns><column name="METHODNAME" table="HONE_DBIO_METHOD" type="VARCHAR2" index="false" notNull="false" pk="false" javaType="java.lang.String" precision="50" scale="0" length="50"></column>
<column name="CLASSNAME" table="HONE_DBIO_METHOD" type="VARCHAR2" index="false" notNull="false" pk="false" javaType="java.lang.String" precision="200" scale="0" length="200"></column>
<column name="DOMAIN_ID" table="HONE_DBIO_METHOD" type="VARCHAR2" index="false" notNull="false" pk="false" javaType="java.lang.String" precision="20" scale="0" length="20"></column>
<column name="KEYWORDS" table="HONE_DBIO_METHOD" type="VARCHAR2" index="false" notNull="false" pk="false" javaType="java.lang.String" precision="100" scale="0" length="100"></column>
<column name="TABLES" table="HONE_DBIO_METHOD" type="VARCHAR2" index="false" notNull="false" pk="false" javaType="java.lang.String" precision="500" scale="0" length="500"></column>
<column name="UPDATED_TIME" table="HONE_DBIO_METHOD" type="TIMESTAMP(6)" index="false" notNull="false" pk="false" javaType="java.util.Date" precision="11" scale="6" length="11"></column>
</columns><indices></indices></table><table name="HONE_DYNAMICLOG_FILTER" type="TABLE"><columns><column name="FILTER_KEY" table="HONE_DYNAMICLOG_FILTER" type="VARCHAR2" index="false" notNull="false" pk="false" javaType="java.lang.String" precision="200" scale="0" length="200"></column>
<column name="ITEM_NAME" table="HONE_DYNAMICLOG_FILTER" type="VARCHAR2" index="false" notNull="false" pk="false" javaType="java.lang.String" precision="100" scale="0" length="100"></column>
<column name="LOG_LEVEL" table="HONE_DYNAMICLOG_FILTER" type="VARCHAR2" index="false" notNull="false" pk="false" javaType="java.lang.String" precision="10" scale="0" length="10"></column>
<column name="DOMAIN_ID" table="HONE_DYNAMICLOG_FILTER" type="VARCHAR2" index="false" notNull="false" pk="false" javaType="java.lang.String" precision="20" scale="0" length="20"></column>
<column name="DESCRIPTION" table="HONE_DYNAMICLOG_FILTER" type="VARCHAR2" index="false" notNull="false" pk="false" javaType="java.lang.String" precision="100" scale="0" length="100"></column>
<column name="UPDATED_TIME" table="HONE_DYNAMICLOG_FILTER" type="TIMESTAMP(6)" index="false" notNull="false" pk="false" javaType="java.util.Date" precision="11" scale="6" length="11"></column>
</columns><indices></indices></table><table name="HONE_DYNAMICLOG_ITEM" type="TABLE"><columns><column name="ITEM_NAME" table="HONE_DYNAMICLOG_ITEM" type="VARCHAR2" index="false" notNull="false" pk="false" javaType="java.lang.String" precision="100" scale="0" length="100"></column>
<column name="APPLY_INDIVIDUAL" table="HONE_DYNAMICLOG_ITEM" type="CHAR" index="false" notNull="false" pk="false" javaType="java.lang.Character" precision="1" scale="0" length="1"></column>
<column name="LOG_LEVEL" table="HONE_DYNAMICLOG_ITEM" type="VARCHAR2" index="false" notNull="false" pk="false" javaType="java.lang.String" precision="10" scale="0" length="10"></column>
<column name="DOMAIN_ID" table="HONE_DYNAMICLOG_ITEM" type="VARCHAR2" index="false" notNull="false" pk="false" javaType="java.lang.String" precision="20" scale="0" length="20"></column>
<column name="DESCRIPTION" table="HONE_DYNAMICLOG_ITEM" type="VARCHAR2" index="false" notNull="false" pk="false" javaType="java.lang.String" precision="100" scale="0" length="100"></column>
<column name="UPDATED_TIME" table="HONE_DYNAMICLOG_ITEM" type="TIMESTAMP(6)" index="false" notNull="false" pk="false" javaType="java.util.Date" precision="11" scale="6" length="11"></column>
</columns><indices></indices></table><table name="HONE_JDBCCONTROL" type="TABLE"><columns><column name="DOMAIN_ID" table="HONE_JDBCCONTROL" type="VARCHAR2" index="false" notNull="false" pk="false" javaType="java.lang.String" precision="20" scale="0" length="20"></column>
<column name="FETCH_SIZE" table="HONE_JDBCCONTROL" type="NUMBER" index="false" notNull="false" pk="false" javaType="java.lang.Integer" precision="5" scale="0" length="5"></column>
<column name="MAX_RESULTSET_SIZE" table="HONE_JDBCCONTROL" type="NUMBER" index="false" notNull="false" pk="false" javaType="java.lang.Integer" precision="5" scale="0" length="5"></column>
<column name="ENABLED" table="HONE_JDBCCONTROL" type="CHAR" index="false" notNull="false" pk="false" javaType="java.lang.Character" precision="1" scale="0" length="1"></column>
<column name="UPDATED_TIME" table="HONE_JDBCCONTROL" type="TIMESTAMP(6)" index="false" notNull="false" pk="false" javaType="java.util.Date" precision="11" scale="6" length="11"></column>
</columns><indices></indices></table><table name="HONE_OMM_GROUP" type="TABLE"><columns><column name="GROUP_SEQ" table="HONE_OMM_GROUP" type="NUMBER" index="false" notNull="false" pk="false" javaType="java.lang.Long" precision="22" scale="0" length="22"></column>
<column name="NAME" table="HONE_OMM_GROUP" type="VARCHAR2" index="false" notNull="false" pk="false" javaType="java.lang.String" precision="300" scale="0" length="300"></column>
<column name="DOMAIN_ID" table="HONE_OMM_GROUP" type="VARCHAR2" index="false" notNull="false" pk="false" javaType="java.lang.String" precision="20" scale="0" length="20"></column>
<column name="PARENT_SEQ" table="HONE_OMM_GROUP" type="NUMBER" index="false" notNull="false" pk="false" javaType="java.lang.Long" precision="22" scale="0" length="22"></column>
<column name="CREATE_TIME" table="HONE_OMM_GROUP" type="TIMESTAMP(6)" index="false" notNull="false" pk="false" javaType="java.util.Date" precision="11" scale="6" length="11"></column>
</columns><indices></indices></table><table name="HONE_OMM_MAP" type="TABLE"><columns><column name="MESSAGE_ID" table="HONE_OMM_MAP" type="VARCHAR2" index="false" notNull="false" pk="false" javaType="java.lang.String" precision="200" scale="0" length="200"></column>
<column name="DOMAIN_ID" table="HONE_OMM_MAP" type="VARCHAR2" index="false" notNull="false" pk="false" javaType="java.lang.String" precision="20" scale="0" length="20"></column>
<column name="NODE_NAME" table="HONE_OMM_MAP" type="VARCHAR2" index="false" notNull="false" pk="false" javaType="java.lang.String" precision="200" scale="0" length="200"></column>
<column name="OMM_OBJECT" table="HONE_OMM_MAP" type="CLOB" index="false" notNull="false" pk="false" javaType="java.lang.String" precision="4000" scale="0" length="4000"></column>
<column name="GROUP_SEQ" table="HONE_OMM_MAP" type="NUMBER" index="false" notNull="false" pk="false" javaType="java.lang.Long" precision="22" scale="0" length="22"></column>
<column name="CREATE_DATE_TIME" table="HONE_OMM_MAP" type="TIMESTAMP(6)" index="false" notNull="false" pk="false" javaType="java.util.Date" precision="11" scale="6" length="11"></column>
</columns><indices></indices></table><table name="HONE_ONLINE_APP_SERVER" type="TABLE"><columns><column name="IP_ADDRESS" table="HONE_ONLINE_APP_SERVER" type="VARCHAR2" index="false" notNull="false" pk="false" javaType="java.lang.String" precision="20" scale="0" length="20"></column>
<column name="PORT" table="HONE_ONLINE_APP_SERVER" type="NUMBER" index="false" notNull="false" pk="false" javaType="java.lang.Integer" precision="5" scale="0" length="5"></column>
<column name="CONTEXT_NAME" table="HONE_ONLINE_APP_SERVER" type="VARCHAR2" index="false" notNull="false" pk="false" javaType="java.lang.String" precision="100" scale="0" length="100"></column>
<column name="DOMAIN_ID" table="HONE_ONLINE_APP_SERVER" type="VARCHAR2" index="false" notNull="false" pk="false" javaType="java.lang.String" precision="20" scale="0" length="20"></column>
<column name="DESCRIPTION" table="HONE_ONLINE_APP_SERVER" type="VARCHAR2" index="false" notNull="false" pk="false" javaType="java.lang.String" precision="100" scale="0" length="100"></column>
<column name="UPDATED_TIME" table="HONE_ONLINE_APP_SERVER" type="TIMESTAMP(6)" index="false" notNull="false" pk="false" javaType="java.util.Date" precision="11" scale="6" length="11"></column>
</columns><indices></indices></table><table name="HONE_ONLINE_DOMAIN" type="TABLE"><columns><column name="DOMAIN_ID" table="HONE_ONLINE_DOMAIN" type="VARCHAR2" index="false" notNull="false" pk="false" javaType="java.lang.String" precision="20" scale="0" length="20"></column>
<column name="DESCRIPTION" table="HONE_ONLINE_DOMAIN" type="VARCHAR2" index="false" notNull="false" pk="false" javaType="java.lang.String" precision="100" scale="0" length="100"></column>
<column name="UPDATED_TIME" table="HONE_ONLINE_DOMAIN" type="TIMESTAMP(6)" index="false" notNull="false" pk="false" javaType="java.util.Date" precision="11" scale="6" length="11"></column>
</columns><indices></indices></table><table name="HONE_ONLINE_SEQUENCE" type="TABLE"><columns><column name="SEQUENCE_NAME" table="HONE_ONLINE_SEQUENCE" type="VARCHAR2" index="false" notNull="false" pk="false" javaType="java.lang.String" precision="100" scale="0" length="100"></column>
<column name="NEXT_ID" table="HONE_ONLINE_SEQUENCE" type="NUMBER" index="false" notNull="false" pk="false" javaType="java.lang.Long" precision="22" scale="0" length="22"></column>
</columns><indices></indices></table><table name="HONE_SEC_AUTHORITIES" type="TABLE"><columns><column name="AUTHORITY" table="HONE_SEC_AUTHORITIES" type="VARCHAR2" index="false" notNull="false" pk="false" javaType="java.lang.String" precision="20" scale="0" length="20"></column>
<column name="DESCRIPTION" table="HONE_SEC_AUTHORITIES" type="VARCHAR2" index="false" notNull="false" pk="false" javaType="java.lang.String" precision="100" scale="0" length="100"></column>
<column name="UPDATED_TIME" table="HONE_SEC_AUTHORITIES" type="TIMESTAMP(6)" index="false" notNull="false" pk="false" javaType="java.util.Date" precision="11" scale="6" length="11"></column>
</columns><indices></indices></table><table name="HONE_SEC_FUNCTIONS" type="TABLE"><columns><column name="FUNCTION" table="HONE_SEC_FUNCTIONS" type="VARCHAR2" index="false" notNull="false" pk="false" javaType="java.lang.String" precision="200" scale="0" length="200"></column>
<column name="PRODUCT" table="HONE_SEC_FUNCTIONS" type="VARCHAR2" index="false" notNull="false" pk="false" javaType="java.lang.String" precision="20" scale="0" length="20"></column>
<column name="DESCRIPTION" table="HONE_SEC_FUNCTIONS" type="VARCHAR2" index="false" notNull="false" pk="false" javaType="java.lang.String" precision="200" scale="0" length="200"></column>
<column name="UPDATED_TIME" table="HONE_SEC_FUNCTIONS" type="TIMESTAMP(6)" index="false" notNull="false" pk="false" javaType="java.util.Date" precision="11" scale="6" length="11"></column>
</columns><indices></indices></table><table name="HONE_SEC_FUN_AUTHORITIES" type="TABLE"><columns><column name="FUNCTION" table="HONE_SEC_FUN_AUTHORITIES" type="VARCHAR2" index="false" notNull="false" pk="false" javaType="java.lang.String" precision="50" scale="0" length="50"></column>
<column name="PRODUCT" table="HONE_SEC_FUN_AUTHORITIES" type="VARCHAR2" index="false" notNull="false" pk="false" javaType="java.lang.String" precision="20" scale="0" length="20"></column>
<column name="AUTHORITY" table="HONE_SEC_FUN_AUTHORITIES" type="VARCHAR2" index="false" notNull="false" pk="false" javaType="java.lang.String" precision="20" scale="0" length="20"></column>
<column name="UPDATED_TIME" table="HONE_SEC_FUN_AUTHORITIES" type="TIMESTAMP(6)" index="false" notNull="false" pk="false" javaType="java.util.Date" precision="11" scale="6" length="11"></column>
</columns><indices></indices></table><table name="HONE_SEC_GROUPS" type="TABLE"><columns><column name="GROUPNAME" table="HONE_SEC_GROUPS" type="VARCHAR2" index="false" notNull="false" pk="false" javaType="java.lang.String" precision="50" scale="0" length="50"></column>
<column name="DESCRIPTION" table="HONE_SEC_GROUPS" type="VARCHAR2" index="false" notNull="false" pk="false" javaType="java.lang.String" precision="200" scale="0" length="200"></column>
<column name="UPDATED_TIME" table="HONE_SEC_GROUPS" type="TIMESTAMP(6)" index="false" notNull="false" pk="false" javaType="java.util.Date" precision="11" scale="6" length="11"></column>
</columns><indices></indices></table><table name="HONE_SEC_GROUP_AUTHORITIES" type="TABLE"><columns><column name="GROUPNAME" table="HONE_SEC_GROUP_AUTHORITIES" type="VARCHAR2" index="false" notNull="false" pk="false" javaType="java.lang.String" precision="50" scale="0" length="50"></column>
<column name="AUTHORITY" table="HONE_SEC_GROUP_AUTHORITIES" type="VARCHAR2" index="false" notNull="false" pk="false" javaType="java.lang.String" precision="20" scale="0" length="20"></column>
<column name="UPDATED_TIME" table="HONE_SEC_GROUP_AUTHORITIES" type="TIMESTAMP(6)" index="false" notNull="false" pk="false" javaType="java.util.Date" precision="11" scale="6" length="11"></column>
</columns><indices></indices></table><table name="HONE_SEC_GROUP_MEMBERS" type="TABLE"><columns><column name="GROUPNAME" table="HONE_SEC_GROUP_MEMBERS" type="VARCHAR2" index="false" notNull="false" pk="false" javaType="java.lang.String" precision="50" scale="0" length="50"></column>
<column name="USERNAME" table="HONE_SEC_GROUP_MEMBERS" type="VARCHAR2" index="false" notNull="false" pk="false" javaType="java.lang.String" precision="20" scale="0" length="20"></column>
<column name="UPDATED_TIME" table="HONE_SEC_GROUP_MEMBERS" type="TIMESTAMP(6)" index="false" notNull="false" pk="false" javaType="java.util.Date" precision="11" scale="6" length="11"></column>
</columns><indices></indices></table><table name="HONE_SEC_PRODUCT" type="TABLE"><columns><column name="PRODUCT" table="HONE_SEC_PRODUCT" type="VARCHAR2" index="false" notNull="false" pk="false" javaType="java.lang.String" precision="20" scale="0" length="20"></column>
<column name="DESCRIPTION" table="HONE_SEC_PRODUCT" type="VARCHAR2" index="false" notNull="false" pk="false" javaType="java.lang.String" precision="100" scale="0" length="100"></column>
<column name="UPDATED_TIME" table="HONE_SEC_PRODUCT" type="TIMESTAMP(6)" index="false" notNull="false" pk="false" javaType="java.util.Date" precision="11" scale="6" length="11"></column>
</columns><indices></indices></table><table name="HONE_SEC_USERS" type="TABLE"><columns><column name="USERNAME" table="HONE_SEC_USERS" type="VARCHAR2" index="false" notNull="false" pk="false" javaType="java.lang.String" precision="20" scale="0" length="20"></column>
<column name="PASSWORD" table="HONE_SEC_USERS" type="VARCHAR2" index="false" notNull="false" pk="false" javaType="java.lang.String" precision="20" scale="0" length="20"></column>
<column name="ENABLED" table="HONE_SEC_USERS" type="NUMBER" index="false" notNull="false" pk="false" javaType="java.lang.Long" precision="22" scale="0" length="22"></column>
<column name="UPDATED_TIME" table="HONE_SEC_USERS" type="TIMESTAMP(6)" index="false" notNull="false" pk="false" javaType="java.util.Date" precision="11" scale="6" length="11"></column>
</columns><indices></indices></table><table name="HONE_SEC_USER_AUTHORITIES" type="TABLE"><columns><column name="USERNAME" table="HONE_SEC_USER_AUTHORITIES" type="VARCHAR2" index="false" notNull="false" pk="false" javaType="java.lang.String" precision="20" scale="0" length="20"></column>
<column name="AUTHORITY" table="HONE_SEC_USER_AUTHORITIES" type="VARCHAR2" index="false" notNull="false" pk="false" javaType="java.lang.String" precision="20" scale="0" length="20"></column>
<column name="UPDATED_TIME" table="HONE_SEC_USER_AUTHORITIES" type="TIMESTAMP(6)" index="false" notNull="false" pk="false" javaType="java.util.Date" precision="11" scale="6" length="11"></column>
</columns><indices></indices></table><table name="HONE_SERVICE_CONTROL" type="TABLE"><columns><column name="SERVICE_ID" table="HONE_SERVICE_CONTROL" type="VARCHAR2" index="false" notNull="false" pk="false" javaType="java.lang.String" precision="200" scale="0" length="200"></column>
<column name="DOMAIN_ID" table="HONE_SERVICE_CONTROL" type="VARCHAR2" index="false" notNull="false" pk="false" javaType="java.lang.String" precision="20" scale="0" length="20"></column>
<column name="ENABLED" table="HONE_SERVICE_CONTROL" type="CHAR" index="false" notNull="false" pk="false" javaType="java.lang.Character" precision="1" scale="0" length="1"></column>
<column name="APPLY" table="HONE_SERVICE_CONTROL" type="CHAR" index="false" notNull="false" pk="false" javaType="java.lang.Character" precision="1" scale="0" length="1"></column>
<column name="LIMIT_COUNT" table="HONE_SERVICE_CONTROL" type="NUMBER" index="false" notNull="false" pk="false" javaType="java.lang.Long" precision="22" scale="0" length="22"></column>
<column name="DESCRIPTION" table="HONE_SERVICE_CONTROL" type="VARCHAR2" index="false" notNull="false" pk="false" javaType="java.lang.String" precision="100" scale="0" length="100"></column>
<column name="UPDATED_TIME" table="HONE_SERVICE_CONTROL" type="TIMESTAMP(6)" index="false" notNull="false" pk="false" javaType="java.util.Date" precision="11" scale="6" length="11"></column>
</columns><indices></indices></table></tables><views></views><synonyms></synonyms></database>