﻿<?xml version="1.0" encoding="utf-8"?>
<TypeDefinition>
  <Components>
    <Component type="Bin" id="Div" classname="Div" module="XComCmp" version="1000"/>
    <Component type="Bin" id="Button" classname="Button" module="XComCmp" version="1000"/>
    <Component type="Bin" id="PopupDiv" classname="PopupDiv" module="XComCmp" version="1000"/>
    <Component type="Bin" id="Combo" classname="Combo" module="XComCmp" version="1000"/>
    <Component type="Bin" id="CheckBox" classname="CheckBox" module="XComCmp" version="1000"/>
    <Component type="Bin" id="ListBox" classname="ListBox" module="XComCmp" version="1000"/>
    <Component type="Bin" id="Edit" classname="Edit" module="XComCmp" version="1000"/>
    <Component type="Bin" id="MaskEdit" classname="MaskEdit" module="XComCmp" version="1000"/>
    <Component type="Bin" id="TextArea" classname="TextArea" module="XComCmp" version="1000"/>
    <Component type="Bin" id="Menu" classname="Menu" module="XComCmp" version="1000"/>
    <Component type="Bin" id="Tab" classname="Tab" module="XComCmp" version="1000"/>
    <Component type="Bin" id="ImageViewer" classname="ImageViewer" module="XComCmp" version="1000"/>
    <Component type="Bin" id="Radio" classname="Radio" module="XComCmp" version="1000"/>
    <Component type="Bin" id="Shape" classname="Shape" module="XComCmp" version="1000"/>
    <Component type="Bin" id="Calendar" classname="Calendar" module="XComCmp" version="1000"/>
    <Component type="Bin" id="Static" classname="Static" module="XComCmp" version="1000"/>
    <Component type="Bin" id="Grid" classname="Grid" module="XGridCmp" version="1000"/>
    <Component type="Bin" id="Spin" classname="Spin" module="XComCmp" version="1000"/>
    <Component type="Bin" id="PopupMenu" classname="PopupMenu" module="XComCmp" version="1000"/>
    <Component type="Bin" id="Splitter" classname="Splitter" module="XComCmp" version="1000"/>
    <Component type="Bin" id="GroupBox" classname="GroupBox" module="XComCmp" version="1000"/>
    <Component type="Bin" id="ProgressBar" classname="ProgressBar" module="XComCmp" version="1000"/>
    <Component type="Bin" id="ActiveX" classname="ActiveX" module="XAxCmp" version="1000"/>
    <Component type="Bin" id="PropertyAnimation" classname="PropertyAnimation" module="XPlatformLib" version="1000"/>
    <Component type="Bin" id="TransitionAnimation" classname="TransitionAnimation" module="XPlatformLib" version="1000"/>
    <Component type="Bin" id="MoveAnimation" classname="MoveAnimation" module="XPlatformLib" version="1000"/>
    <Component type="Bin" id="CompositeAnimation" classname="CompositeAnimation" module="XPlatformLib" version="1000"/>
    <Component type="Bin" id="Dataset" classname="Dataset" module="XPlatformLib" version="1000"/>
    <Component type="Bin" id="FilteredDataset" classname="FilteredDataset" module="XClassLib" version="1000"/>
    <Component type="Bin" id="FileDialog" classname="FileDialog" module="XComCmp" version="1000"/>
    <Component type="Bin" id="GraphicPath" classname="GraphicPath" module="XComCmp" version="1000"/>
    <Component type="Bin" id="VirtualFile" classname="VirtualFile" module="XComCmp" version="1000"/>
    <Component type="Bin" id="ExportObject" classname="ExportObject" module="XExtAPI" version="1000"/>
    <Component type="Bin" id="ExtCommon" classname="ExtCommon" module="ExtCommon" version="1000"/>
    <Component type="Bin" id="FileDownload" classname="FileDownload" module="XComCmp922" version="1000"/>
    <Component type="Bin" id="FileUpload" classname="FileUpload" module="XComCmp922" version="1000"/>
    <Component type="Bin" id="HttpObject" classname="HttpObject" module="XComCmp922" version="1000"/>
    <Component id="grd_Main" type="Script" classname="grd_Main" module="comm::grd_Main.xjs" version="1000"/>
    <Component id="MultiCombo" type="Script" classname="MultiCombo" module="comm::multicombo.xjs" version="1000"/>
    <Component type="Composite" id="uCalendarMonth" classname="uCalendarMonth" module="comm::uCalendarMonth.xfdl" version="1000"/>
    <Component type="Composite" id="uCalendarPeriod" classname="uCalendarPeriod" module="comm::uCalendarPeriod.xfdl" version="1000"/>
    <Component type="Composite" id="uCalendarPeriodTime" classname="uCalendarPeriodTime" module="comm::uCalendarPeriodTime.xfdl" version="1000"/>
    <Component type="Composite" id="uCalMonthPeriod" classname="uCalMonthPeriod" module="comm::uCalMonthPeriod.xfdl" version="1000"/>
    <Component type="Composite" id="uCalendarTime" classname="uCalendarTime" module="comm::uCalendarTime.xfdl" version="1000"/>
  </Components>
  <Services>
    <Service prefixid="frame" type="form" url="./frame/" version="0" communicationversion="0" cachelevel="dynamic"/>
    <Service prefixid="css" type="file" url="./css/" version="0" communicationversion="0" cachelevel="dynamic"/>
    <Service prefixid="lts" type="form" url="./lts/" version="0" communicationversion="0"/>
    <Service prefixid="lib" type="js" url="./lib/" version="0" communicationversion="0" cachelevel="dynamic"/>
    <Service prefixid="svc" type="JSP" url="https://lts.hanwhasystems.com/LTS_REAL/ria/" version="0" communicationversion="0"/>
    <Service prefixid="guide" type="form" url="./guide/" version="0" communicationversion="0" cachelevel="dynamic"/>
    <Service prefixid="default_temp" type="form" url="./temp/" version="0" communicationversion="0" cachelevel="dynamic"/>
    <Service prefixid="sample" type="form" url="./sample/" version="0" communicationversion="0" cachelevel="dynamic"/>
    <Service prefixid="template" type="form" url="./template/" version="0" communicationversion="0" cachelevel="dynamic"/>
    <Service prefixid="comm" type="form" url="./comm/" version="0" communicationversion="0" cachelevel="dynamic"/>
    <Service prefixid="syum" type="form" url="./lts/syum/" version="0" communicationversion="0"/>
    <Service prefixid="sysc" type="form" url="./lts/sysc/" version="0" communicationversion="0"/>
    <Service prefixid="mimm" type="form" url="./lts/mimm/" version="0" communicationversion="0"/>
    <Service prefixid="syam" type="form" url="./lts/syam/" version="0" communicationversion="0"/>
    <Service prefixid="bipd" type="form" url="./lts/bipd/" version="0" communicationversion="0"/>
    <Service prefixid="mibp" type="form" url="./lts/mibp/" version="0" communicationversion="0"/>
    <Service prefixid="micp" type="form" url="./lts/micp/" version="0" communicationversion="0"/>
    <Service prefixid="miom" type="form" url="./lts/miom/" version="0" communicationversion="0"/>
    <Service prefixid="miot" type="form" url="./lts/miot/" version="0" communicationversion="0"/>
    <Service prefixid="miiu" type="form" url="./lts/miiu/" version="0" communicationversion="0"/>
    <Service prefixid="dafa" type="form" url="./lts/dafa/" version="0" communicationversion="0"/>
    <Service prefixid="miec" type="form" url="./lts/miec/" version="0" communicationversion="0"/>
    <Service prefixid="prcm" type="form" url="./lts/prcm/" version="0" communicationversion="0"/>
    <Service prefixid="prod" type="form" url="./lts/prod/" version="0" communicationversion="0"/>
    <Service prefixid="birp" type="form" url="./lts/birp/" version="0" communicationversion="0"/>
    <Service prefixid="mirm" type="form" url="./lts/mirm/" version="0" communicationversion="0"/>
    <Service prefixid="mist" type="form" url="./lts/mist/" version="0" communicationversion="0"/>
    <Service prefixid="bira" type="form" url="./lts/bira/" version="0" communicationversion="0"/>
    <Service prefixid="bipo" type="form" url="./lts/bipo/" version="0" communicationversion="0"/>
    <Service prefixid="svc_login" type="JSP" url="https://lts.hanwhasystems.com/LTS_REAL/" version="0" communicationversion="0"/>
    <Service prefixid="dadm" type="form" url="./lts/dadm/" version="0" communicationversion="0"/>
    <Service prefixid="daqa" type="form" url="./lts/daqa/" version="0" communicationversion="0"/>
    <Service prefixid="bipr" type="form" url="./lts/bipr/" version="0" communicationversion="0"/>
    <Service prefixid="bitr" type="form" url="./lts/bitr/" version="0" communicationversion="0"/>
    <Service prefixid="mtmj" type="form" url="./lts/mtmj/" version="0" communicationversion="0"/>
    <Service prefixid="mtmp" type="form" url="./lts/mtmp/" version="0" communicationversion="0"/>
    <Service prefixid="image" type="file" url="D:\uploadFile" version="0" communicationversion="0"/>
    <Service prefixid="praw" type="form" url="./lts/praw" version="0" communicationversion="0"/>
    <Service prefixid="sylm" type="form" url="./lts/sylm/" version="0" communicationversion="0"/>
    <Service prefixid="prou" type="form" url="./lts/prou/" version="0" communicationversion="0"/>
    <Service prefixid="Report" type="JSP" url="https://lts.hanwhasystems.com/LTS_REAL/ui/" version="0" communicationversion="0"/>
    <Service prefixid="chartService" type="JSP" url="https://lts.hanwhasystems.com/LTS_REAL/rMateChart/rMateChart/Component/" version="0" communicationversion="0"/>
    <Service prefixid="svc_image" type="JSP" url="https://lts.hanwhasystems.com/LTS_REAL/" version="0" communicationversion="0" cachelevel="static"/>
  </Services>
  <Update>
    <Item systemtype="win32" url="/LTS_REAL/LTS_Runtime/Install/Download/Component"/>
  </Update>
</TypeDefinition>
