﻿<?xml version="1.0" encoding="utf-8"?>
<GlobalVariables>
  <Dataset id="gdsUser">
    <ColumnInfo>
      <Column id="ORGNZ_NM" type="STRING" size="32"/>
      <Column id="ORGZNO" type="STRING" size="32"/>
      <Column id="USER_NM" type="STRING" size="32"/>
      <Column id="USER_ID" type="STRING" size="32"/>
      <Column id="SESSION_ID" type="STRING" size="32"/>
      <Column id="ROLENO" type="STRING" size="32"/>
      <Column id="ROWTYPE" type="STRING" size="32"/>
      <Column id="ORGNZ" type="STRING" size="32"/>
      <Column id="BKMK_MENU_NM" type="STRING" size="256"/>
      <Column id="INDV_INFO_PRTCUSE_AGR_YN" type="STRING" size="256"/>
    </ColumnInfo>
  </Dataset>
  <Dataset id="gdsMenu">
    <ColumnInfo>
      <Column id="MENU_ID" type="STRING" size="32"/>
      <Column id="MENU_NM" type="STRING" size="32"/>
      <Column id="MENU_LEVEL" type="BIGDECIMAL" size="16"/>
      <Column id="SORT_SEQ" type="BIGDECIMAL" size="0"/>
      <Column id="WINDOW_ID" type="STRING" size="0"/>
      <Column id="WINDOW_NM" type="STRING" size="0"/>
      <Column id="WINDOW_URL" type="STRING" size="0"/>
      <Column id="MENU_PARAM" type="STRING" size="0"/>
      <Column id="rowType" type="STRING" size="32"/>
      <Column id="WIN" type="STRING" size="256"/>
    </ColumnInfo>
  </Dataset>
  <Variable id="gv_selMenu"/>
  <Dataset id="gdsopenMenu">
    <ColumnInfo>
      <Column id="WIN_ID" type="STRING" size="8"/>
      <Column id="MENU_CD" type="STRING" size="8"/>
      <Column id="MENU_NM" type="STRING" size="50"/>
      <Column id="MENU_PARAM" type="STRING" size="256"/>
    </ColumnInfo>
  </Dataset>
  <Dataset id="gdsMessage">
    <ColumnInfo>
      <Column id="MESSAGE_ID" type="STRING" size="256"/>
      <Column id="MESSAGE" type="STRING" size="256"/>
    </ColumnInfo>
  </Dataset>
  <Variable id="gvRunMode" initval="local"/>
  <Dataset id="gds_gridRbtnMenu">
    <ColumnInfo>
      <Column id="menu_id" type="STRING" size="256"/>
      <Column id="menu_name" type="STRING" size="256"/>
      <Column id="level" type="STRING" size="256"/>
      <Column id="parentid" type="STRING" size="256"/>
      <Column id="grd_level" type="STRING" size="255"/>
      <Column id="functionName" type="STRING" size="256"/>
      <Column id="enableid" type="STRING" size="256"/>
      <Column id="useyn" type="STRING" size="256"/>
    </ColumnInfo>
    <Rows>
      <Row>
        <Col id="menu_id">sort_a</Col>
        <Col id="level">0</Col>
        <Col id="grd_level">0</Col>
        <Col id="parentid">COL</Col>
        <Col id="menu_name">오름차순 정렬</Col>
        <Col id="enableid">1</Col>
        <Col id="useyn">1</Col>
      </Row>
      <Row>
        <Col id="menu_id">sort_d</Col>
        <Col id="level">0</Col>
        <Col id="grd_level">0</Col>
        <Col id="parentid">COL</Col>
        <Col id="menu_name">내림차순 정렬</Col>
        <Col id="enableid">1</Col>
        <Col id="useyn">1</Col>
      </Row>
      <Row>
        <Col id="menu_id">sort_m</Col>
        <Col id="level">0</Col>
        <Col id="grd_level">0</Col>
        <Col id="parentid">COL</Col>
        <Col id="menu_name">다중 정렬</Col>
        <Col id="enableid">1</Col>
        <Col id="useyn">1</Col>
      </Row>
      <Row>
        <Col id="menu_id">sort_c</Col>
        <Col id="level">0</Col>
        <Col id="grd_level">0</Col>
        <Col id="parentid">COL</Col>
        <Col id="menu_name">정렬 해제</Col>
        <Col id="enableid">1</Col>
        <Col id="useyn">1</Col>
      </Row>
      <Row>
        <Col id="menu_id">sort_-</Col>
        <Col id="menu_name">-</Col>
        <Col id="level">0</Col>
        <Col id="parentid">COL</Col>
        <Col id="grd_level">0</Col>
        <Col id="enableid">1</Col>
        <Col id="useyn">1</Col>
      </Row>
      <Row>
        <Col id="menu_id">find</Col>
        <Col id="menu_name">검색</Col>
        <Col id="level">0</Col>
        <Col id="parentid">COL</Col>
        <Col id="grd_level">0</Col>
        <Col id="enableid">1</Col>
        <Col id="useyn">1</Col>
      </Row>
      <Row>
        <Col id="menu_id">find_-</Col>
        <Col id="menu_name">-</Col>
        <Col id="level">0</Col>
        <Col id="grd_level">0</Col>
        <Col id="parentid">COL</Col>
        <Col id="enableid">1</Col>
        <Col id="useyn">1</Col>
      </Row>
      <Row>
        <Col id="level">0</Col>
        <Col id="grd_level">0</Col>
        <Col id="parentid">COL</Col>
        <Col id="menu_id">filter_p</Col>
        <Col id="menu_name">필터</Col>
        <Col id="enableid">1</Col>
        <Col id="useyn">1</Col>
      </Row>
      <Row>
        <Col id="level">0</Col>
        <Col id="grd_level">0</Col>
        <Col id="parentid">COL</Col>
        <Col id="menu_id">filter_c</Col>
        <Col id="menu_name">필터 초기화</Col>
        <Col id="enableid">1</Col>
        <Col id="useyn">1</Col>
      </Row>
      <Row>
        <Col id="menu_id">filter_-</Col>
        <Col id="menu_name">-</Col>
        <Col id="grd_level">0</Col>
        <Col id="parentid">COL</Col>
        <Col id="level">0</Col>
        <Col id="enableid">1</Col>
        <Col id="useyn">1</Col>
      </Row>
      <Row>
        <Col id="menu_id">freeze_cf</Col>
        <Col id="menu_name">셀 고정</Col>
        <Col id="grd_level">0</Col>
        <Col id="parentid">COL</Col>
        <Col id="level">0</Col>
        <Col id="enableid">1</Col>
        <Col id="useyn">1</Col>
      </Row>
      <Row>
        <Col id="menu_id">freeze_cd</Col>
        <Col id="menu_name">셀 고정 취소</Col>
        <Col id="level">0</Col>
        <Col id="parentid">COL</Col>
        <Col id="grd_level">0</Col>
        <Col id="enableid">1</Col>
        <Col id="useyn">1</Col>
      </Row>
      <Row>
        <Col id="menu_id">freeze_-</Col>
        <Col id="menu_name">-</Col>
        <Col id="level">0</Col>
        <Col id="parentid">COL</Col>
        <Col id="grd_level">0</Col>
        <Col id="enableid">1</Col>
        <Col id="useyn">1</Col>
      </Row>
      <Row>
        <Col id="menu_id">select_p</Col>
        <Col id="menu_name">컬럼 선택</Col>
        <Col id="level">0</Col>
        <Col id="parentid">COL</Col>
        <Col id="grd_level">0</Col>
        <Col id="enableid">1</Col>
        <Col id="useyn">1</Col>
      </Row>
      <Row>
        <Col id="menu_id">select_-</Col>
        <Col id="menu_name">-</Col>
        <Col id="level">0</Col>
        <Col id="parentid">COL</Col>
        <Col id="grd_level">0</Col>
        <Col id="enableid">1</Col>
        <Col id="useyn">1</Col>
      </Row>
      <Row>
        <Col id="menu_id">hide_p</Col>
        <Col id="menu_name">셀숨김</Col>
        <Col id="level">0</Col>
        <Col id="parentid">COL</Col>
        <Col id="grd_level">0</Col>
        <Col id="enableid">1</Col>
        <Col id="useyn">1</Col>
      </Row>
      <Row>
        <Col id="menu_id">hide_c</Col>
        <Col id="menu_name">셀숨김 취소</Col>
        <Col id="level">0</Col>
        <Col id="parentid">COL</Col>
        <Col id="grd_level">0</Col>
        <Col id="enableid">1</Col>
        <Col id="useyn">1</Col>
      </Row>
    </Rows>
  </Dataset>
  <Dataset id="gdsArguments">
    <ColumnInfo>
      <Column id="id" type="STRING" size="256"/>
      <Column id="value" type="STRING" size="256"/>
    </ColumnInfo>
  </Dataset>
  <Variable id="gvPwdLoginYn"/>
  <Variable id="JSESSIONID" usecookie="true"/>
  <Variable id="gv_ReportUrl"/>
  <Variable id="gv_toDay"/>
  <Dataset id="gdsFavorite">
    <ColumnInfo>
      <Column id="USER_ID" type="STRING" size="32"/>
      <Column id="MENUNO" type="STRING" size="32"/>
      <Column id="MENU_NM" type="STRING" size="32"/>
      <Column id="HGRNK_MENUNO" type="STRING" size="32"/>
      <Column id="HGRNK_MENU_NM" type="STRING" size="32"/>
      <Column id="rowType" type="STRING" size="32"/>
    </ColumnInfo>
  </Dataset>
  <Variable id="gv_winId"/>
  <Dataset id="gdsRoleNo">
    <ColumnInfo>
      <Column id="ROLENO" type="STRING" size="10"/>
      <Column id="MGT_NO" type="STRING" size="9"/>
      <Column id="RFNO" type="STRING" size="2"/>
      <Column id="MTN_ITM_CD" type="STRING" size="2"/>
      <Column id="RPRT_KND_CD" type="STRING" size="2"/>
      <Column id="INPUT_ID" type="STRING" size="15"/>
      <Column id="APRVL_ID" type="STRING" size="15"/>
    </ColumnInfo>
  </Dataset>
  <Dataset id="gdsAprvlBtnName">
    <ColumnInfo>
      <Column id="BTN_NAME" type="STRING" size="256"/>
      <Column id="APRVL_YN" type="STRING" size="1"/>
      <Column id="INPUT_ID" type="STRING" size="15"/>
      <Column id="APRVL_ID" type="STRING" size="15"/>
      <Column id="APRVL_CNT" type="INT" size="1"/>
    </ColumnInfo>
  </Dataset>
  <Dataset id="gdsTblName">
    <ColumnInfo>
      <Column id="TBL_NAME" type="STRING" size="256"/>
      <Column id="MGT_NO" type="STRING" size="9"/>
      <Column id="RFNO" type="STRING" size="2"/>
      <Column id="INSP_DVCD" type="STRING" size="2"/>
      <Column id="MTN_ITM_CD" type="STRING" size="2"/>
      <Column id="RPRT_KND_CD" type="STRING" size="2"/>
      <Column id="INPUT_ID" type="STRING" size="15"/>
      <Column id="APRVL_TYPE" type="STRING" size="256"/>
      <Column id="ACTSPOT_SUPCNTR_CD" type="STRING" size="256"/>
      <Column id="MTN_ENTP_CD" type="STRING" size="256"/>
      <Column id="WRTDT" type="STRING" size="256"/>
    </ColumnInfo>
  </Dataset>
  <Dataset id="gdsDocStatus">
    <ColumnInfo>
      <Column id="MGT_NO" type="STRING" size="256"/>
      <Column id="RFNO" type="STRING" size="256"/>
      <Column id="APRVL_YN" type="STRING" size="256"/>
      <Column id="INPUT_ID" type="STRING" size="256"/>
      <Column id="CNT" type="INT" size="1"/>
      <Column id="ROLENAME" type="STRING" size="256"/>
    </ColumnInfo>
  </Dataset>
  <Dataset id="gdsWaitReport">
    <ColumnInfo>
      <Column id="RPRT_KND_NM" type="STRING" size="256"/>
      <Column id="RPRT_KND_CD" type="STRING" size="256"/>
    </ColumnInfo>
  </Dataset>
  <Variable id="gvUserId" usecookie="true"/>
  <Variable id="gvUserIp" usecookie="true"/>
  <Variable id="gvFormObj"/>
</GlobalVariables>
