<?xml version="1.0" encoding="UTF-8"?>
<wls:weblogic-web-app xmlns:wls="http://xmlns.oracle.com/weblogic/weblogic-web-app" xmlns:xsi="http://www.w3.org/2001/XMLSchema-instance" xsi:schemaLocation="http://java.sun.com/xml/ns/javaee http://java.sun.com/xml/ns/javaee/web-app_2_5.xsd http://xmlns.oracle.com/weblogic/weblogic-web-app http://xmlns.oracle.com/weblogic/weblogic-web-app/1.4/weblogic-web-app.xsd">
    <wls:weblogic-version>12.1.3</wls:weblogic-version>
    <!-- 
    <wls:context-root>LTS_DEV</wls:context-root>
     -->
    <wls:container-descriptor>
    	<wls:servlet-reload-check-secs>1</wls:servlet-reload-check-secs>
        <wls:prefer-application-packages>
            <wls:package-name>org.slf4j.*</wls:package-name>
        </wls:prefer-application-packages>
    </wls:container-descriptor>
    <wls:jsp-descriptor>
    	<wls:page-check-seconds>1</wls:page-check-seconds>
    </wls:jsp-descriptor>
</wls:weblogic-web-app>
