<?xml version="1.0" encoding="UTF-8"?>
<configuration debug="true" scan="true" scanPeriod="3 seconds">
	<contextName>LtsWeb</contextName>
	<jmxConfigurator />

	<statusListener class="ch.qos.logback.core.status.OnConsoleStatusListener" />
	
	
    <appender name="FILE" class="ch.qos.logback.core.rolling.RollingFileAppender">
        <file>D:/appdata/logs/LTS_DEV/online.log</file>
        <rollingPolicy class="ch.qos.logback.core.rolling.TimeBasedRollingPolicy">
            <fileNamePattern>D:/appdata/logs/LTS_DEV/online.%d{yyyy-MM-dd}.log
            </fileNamePattern>
            <maxHistory>30</maxHistory>
        </rollingPolicy>
        <encoder>
			<pattern>%d{HH:mm:ss.SSS} [%-5level] %logger{36} \(%file:%line\)-%msg %n</pattern>
        </encoder>
    </appender>
	

	<appender name="console" class="ch.qos.logback.core.ConsoleAppender">
		<encoder>
			<pattern>%d{HH:mm:ss.SSS} [%-5level] %logger{36} \(%file:%line\)-%msg %n</pattern>
		</encoder>
	</appender>

<!-- 	<logger name="jdbc.sql" level="DEBUG" /> -->
<!-- 	<logger name="jdbc.resultset" level="DEBUG" /> -->
<!-- 	<logger name="org.springframework.security" level="INFO" /> -->
<!-- 	<logger name="org.springframework" level="INFO" /> -->
<!-- 	<logger name="org" level="INFO" /> -->
<!-- 	<logger name="com.tmax" level="INFO" /> -->
<!-- 	<logger name="com" level="INFO" /> -->
<!-- 	<logger name="hone" level="INFO" /> -->

	<root>
		<level value="INFO" />
		<appender-ref ref="FILE" />
		<appender-ref ref="console" />
	</root>

</configuration>