<?xml version="1.0" encoding="UTF-8"?>
<beans xmlns="http://www.springframework.org/schema/beans"
	xmlns:batch="http://www.springframework.org/schema/batch"
	xmlns:aop="http://www.springframework.org/schema/aop"
	xmlns:tx="http://www.springframework.org/schema/tx"
	xmlns:p="http://www.springframework.org/schema/p"
	xmlns:xsi="http://www.w3.org/2001/XMLSchema-instance"
	xmlns:util="http://www.springframework.org/schema/util"
	xsi:schemaLocation="
		http://www.springframework.org/schema/batch	http://www.springframework.org/schema/batch/spring-batch-2.1.xsd
		http://www.springframework.org/schema/beans http://www.springframework.org/schema/beans/spring-beans-3.1.xsd
		http://www.springframework.org/schema/aop http://www.springframework.org/schema/aop/spring-aop-3.1.xsd
		http://www.springframework.org/schema/tx http://www.springframework.org/schema/tx/spring-tx-3.1.xsd
		http://www.springframework.org/schema/util http://www.springframework.org/schema/util/spring-util-3.1.xsd">

    <!--1. Job/Step Configuration -->
	<batch:job id="cuin.batch.cn.ab.hdy.hdy">

		<!-- 달력 테이블에 평일 일괄 등록 -->
		<batch:step id="step01" next="step02">
			<batch:tasklet>
				<batch:chunk reader="selectWeekdayQueryReader" processor="cldDtoItemProcessor" writer="cldWriter" commit-interval="100" />
			</batch:tasklet>
		</batch:step>

		<!-- 달력 테이블에 토요일/일요일 일괄 등록 -->
		<batch:step id="step02" next="step03">
		  <batch:tasklet>
			<batch:chunk reader="selectWeekendQueryReader" processor="cldDtoItemProcessor" writer="cldWriter" commit-interval="100" />
		  </batch:tasklet>
		</batch:step>

		<!-- 휴일 테이블 일괄 등록 -->
		<batch:step id="step03" next="step04">
		  <batch:tasklet>
			<batch:chunk reader="flatFileReader" processor="lineDtoToHdyProcessor" writer="hdyWriter" commit-interval="100" />
		  </batch:tasklet>
		</batch:step>

		<!-- 달력 테이블에 휴일 설정 -->
		<batch:step id="step04">
		  <batch:tasklet>
			<batch:chunk reader="flatFileReader" processor="lineDtoToCldProcessor" writer="cldUpdater" commit-interval="100" />
		  </batch:tasklet>
		</batch:step>

	</batch:job>

	<!-- 평일 조회 쿼리 -->
	<bean id="selectWeekdayQueryReader" class="org.springframework.batch.item.database.JdbcCursorItemReader" scope="step">
	    <property name="dataSource" ref="dataSource" />
		<property name="sql">
			<value>
				<![CDATA[
				SELECT
   					TO_CHAR(DT, 'yyyyMMdd') as CLD_DT, TO_CHAR(DT,'d') as DYW_DV_CD, 'N' as HDY_YN
				FROM (
    				SELECT to_date(? || '0101', 'yyyyMMdd') -1 + ROWNUM as DT
    				FROM (SELECT LEVEL L FROM dual CONNECT BY level <= 365)
				)
				WHERE TO_CHAR(DT,'d') BETWEEN '2' AND '6'
				]]>
			</value>
		</property>
		<property name="preparedStatementSetter">
          <bean class="cuin.batch.cn.ab.hdy.setter.ParameterSetter" scope="step">
            <constructor-arg value="#{jobParameters['year']}" />
          </bean>
    	</property>
	    <property name="rowMapper">
	      <bean class="org.springframework.jdbc.core.BeanPropertyRowMapper">
	      	<property name="mappedClass" value="cuin.batch.cn.ab.hdy.dto.CldDto" />
	      </bean>
	    </property>
	</bean>

	<!-- 주말 조회 쿼리 -->
	<bean id="selectWeekendQueryReader" class="org.springframework.batch.item.database.JdbcCursorItemReader" scope="step">
	  <property name="dataSource" ref="dataSource" />
	  <property name="sql">
		<value>
		<![CDATA[
			SELECT
   				TO_CHAR(DT, 'yyyyMMdd') as CLD_DT, TO_CHAR(DT,'d') as DYW_DV_CD, 'Y' as HDY_YN
			FROM (
    			SELECT to_date(? || '0101', 'yyyyMMdd') -1 + ROWNUM as DT
    			FROM (SELECT LEVEL L FROM dual CONNECT BY level <= 365)
			)
			WHERE TO_CHAR(DT,'d') = '1' OR TO_CHAR(DT,'d') = '7'
		]]>
		</value>
	  </property>
	  <property name="preparedStatementSetter">
        <bean class="cuin.batch.cn.ab.hdy.setter.ParameterSetter" scope="step">
          <constructor-arg value="#{jobParameters['year']}" />
        </bean>
      </property>
	  <property name="rowMapper">
	    <bean class="org.springframework.jdbc.core.BeanPropertyRowMapper">
	      <property name="mappedClass" value="cuin.batch.cn.ab.hdy.dto.CldDto" />
	    </bean>
	  </property>
	</bean>

	<!-- 달력 DTO 프로세서 -->
	<bean id="cldDtoItemProcessor" class="cuin.batch.cn.ab.hdy.processor.CldDtoItemProcessor">
	</bean>

	<!-- 달력 레코드 등록 -->
	<bean id="cldWriter" class="org.springframework.batch.item.database.JdbcBatchItemWriter">
	  <property name="dataSource" ref="dataSource" />
	  <property name="sql">
		<value>
		<![CDATA[
			INSERT INTO CN_SM0001_IT (cld_dt, dyw_dv_cd, hdy_yn, use_yn, prg_id, crtn_dtm, cnrr_no, upt_dtm, ame_no)
			VALUES (:cldDt, :dywDvCd, :hdyYn, :useYn, :prgId, sysdate, :cnrrNo, null, null)
		]]>
		</value>
	  </property>
	  <property name="itemSqlParameterSourceProvider">
		<bean class="org.springframework.batch.item.database.BeanPropertyItemSqlParameterSourceProvider" />
	  </property>
	</bean>

	<!-- 휴일 레코드 등록 -->
	<bean id="hdyWriter" class="org.springframework.batch.item.database.JdbcBatchItemWriter">
	  <property name="dataSource" ref="dataSource" />
	  <property name="sql">
		<value>
		<![CDATA[
			INSERT INTO CN_SM0002_IT (hdy_dt, hdy_dv_cd, use_yn, prg_id, crtn_dtm, cnrr_no, upt_dtm, ame_no)
			VALUES (:hdyDt, :hdyDvCd, :useYn, :prgId, sysdate, :cnrrNo, null, null)
		]]>
		</value>
	  </property>
	  <property name="itemSqlParameterSourceProvider">
		<bean class="org.springframework.batch.item.database.BeanPropertyItemSqlParameterSourceProvider" />
	  </property>
	</bean>

	<!-- 달력 레코드 업데이트 -->
	<bean id="cldUpdater" class="org.springframework.batch.item.database.JdbcBatchItemWriter">
	  <property name="dataSource" ref="dataSource" />
	  <property name="sql">
		<value>
		<![CDATA[
			UPDATE CN_SM0001_IT SET hdy_yn = 'Y' WHERE cld_dt = :cldDt
		]]>
		</value>
	  </property>
	  <property name="itemSqlParameterSourceProvider">
		<bean class="org.springframework.batch.item.database.BeanPropertyItemSqlParameterSourceProvider" />
	  </property>
	</bean>

	<!-- 공휴일 설정 조회 (semi-colon 으로 구분된 텍스트 입력 파일 읽기) -->
	<bean id="flatFileReader" class="org.springframework.batch.item.file.FlatFileItemReader" scope="step">
		<property name="resource" value="/cuin/batch/cn/ab/hdy/holiday_delimetered.txt" />
		<property name="encoding" value="UTF-8" />
		<property name="lineMapper">
			<bean class="org.springframework.batch.item.file.mapping.DefaultLineMapper">
				<property name="lineTokenizer">
				      <bean class="org.springframework.batch.item.file.transform.DelimitedLineTokenizer"
				          p:delimiter=";"
				          p:names="hdyNm,hdyDt,cldSys,hdyDvCd,acdHdyYn"/>
				</property>
				<property name="fieldSetMapper">
				    <bean class="org.springframework.batch.item.file.mapping.BeanWrapperFieldSetMapper">
				    	<property name="targetType" value="cuin.batch.cn.ab.hdy.dto.LineDto" />
				    </bean>
				</property>
			</bean>
		</property>
	</bean>

	<!-- 휴일 설정 정보를  '달력' DTO 객체로 변환한 후 반환하는 프로세서 -->
	<bean id="lineDtoToCldProcessor" class="cuin.batch.cn.ab.hdy.processor.LineDtoToCldItemProcessor" scope="step">
	  <property name="year" value="#{jobParameters['year']}" />
	</bean>

	<!-- 휴일 설정 정보를  '휴일' DTO 객체로 변환한 후 반환하는 프로세서 -->
	<bean id="lineDtoToHdyProcessor" class="cuin.batch.cn.ab.hdy.processor.LineDtoToHdyItemProcessor" scope="step">
	  <property name="year" value="#{jobParameters['year']}" />
	</bean>

</beans>