<?xml version="1.0" encoding="UTF-8"?>
<!DOCTYPE properties SYSTEM "http://java.sun.com/dtd/properties.dtd" >
<properties>

	<entry key="hone.jdbc.driverClassName">oracle.jdbc.driver.OracleDriver</entry>

	<entry key="hone.jdbc.url">jdbc:oracle:thin:@10.248.80.51:11521:DLTS</entry>
	<entry key="hone.jdbc.username">hone</entry>
	<entry key="hone.jdbc.password">hone2016</entry>
	
	<entry key="hone.log.jdbc.driverClassName">oracle.jdbc.driver.OracleDriver</entry>
	<entry key="hone.log.jdbc.url">jdbc:oracle:thin:@10.248.80.51:11521:DLTS</entry>
	<entry key="hone.log.jdbc.username">hone</entry>
	<entry key="hone.log.jdbc.password">hone2016</entry>	
		
</properties>
