<?xml version="1.0" encoding="UTF-8"?>
<beans xmlns="http://www.springframework.org/schema/beans"
	xmlns:batch="http://www.springframework.org/schema/batch"
	xmlns:aop="http://www.springframework.org/schema/aop"
	xmlns:tx="http://www.springframework.org/schema/tx"
	xmlns:p="http://www.springframework.org/schema/p"
	xmlns:xsi="http://www.w3.org/2001/XMLSchema-instance"
	xmlns:util="http://www.springframework.org/schema/util"
	xsi:schemaLocation="
		http://www.springframework.org/schema/batch	http://www.springframework.org/schema/batch/spring-batch-2.1.xsd
		http://www.springframework.org/schema/beans http://www.springframework.org/schema/beans/spring-beans-3.1.xsd
		http://www.springframework.org/schema/aop http://www.springframework.org/schema/aop/spring-aop-3.1.xsd
		http://www.springframework.org/schema/tx http://www.springframework.org/schema/tx/spring-tx-3.1.xsd
		http://www.springframework.org/schema/util http://www.springframework.org/schema/util/spring-util-3.1.xsd">

	<!-- Pick list 생성 배치 job -->
	<batch:job id="cuin.batch.cn.im.ici.ici">

		<batch:step id="step01">
			<batch:tasklet>
				<batch:chunk
					reader="integrationCodeReader"
					processor="integrationCodeProcessor"
					writer="integrationCodeWriter"
					commit-interval="100"
				/>
			</batch:tasklet>
		</batch:step>

	</batch:job>

	<!-- 전체 통합 코드 목록 로드 -->
	<bean id="integrationCodeReader" class="org.springframework.batch.item.database.JdbcCursorItemReader" scope="step" >
	    <property name="dataSource" ref="dataSource"/>
		<property name="sql">
			<value>
				<![CDATA[
				SELECT t2.intg_cd_grp_id,
				       t1.intg_cd_grp_nm,
				       t2.intg_cd,
				       t2.intg_cd_nm
				FROM  cn_im0001_mt t1,
				      cn_im0002_mt t2
				WHERE t1.intg_cd_grp_id = t2.intg_cd_grp_id
				ORDER BY t2.intg_cd_grp_id, t2.intg_cd
				]]>
			</value>
		</property>
	    <property name="rowMapper">
	        <bean class="org.springframework.jdbc.core.BeanPropertyRowMapper">
	        	<property name="mappedClass" value="cuin.batch.cn.im.ici.dto.IntegrationCodeDto"/>
	        </bean>
	    </property>
	</bean>

	<!-- 통합 코드 그룹 명칭을 이용해 코드 파일 저장 폴더 명칭 설정 -->
	<bean id="integrationCodeProcessor" class="cuin.batch.cn.im.ici.processor.IntegrationCodeProcessor" scope="step" />

	<!-- 통합 코드 pick list 파일 생성  -->
	<bean id="integrationCodeWriter" class="cuin.batch.cn.im.ici.writer.IntegrationCodeWriter" scope="step">
		<property name="baseFolder" value="#{jobParameters['baseFolder']}" />
	</bean>

</beans>