<?xml version="1.0" encoding="UTF-8"?>
<beans xmlns="http://www.springframework.org/schema/beans"
	xmlns:batch="http://www.springframework.org/schema/batch"
	xmlns:aop="http://www.springframework.org/schema/aop"
	xmlns:tx="http://www.springframework.org/schema/tx"
	xmlns:p="http://www.springframework.org/schema/p"
	xmlns:xsi="http://www.w3.org/2001/XMLSchema-instance"
	xmlns:util="http://www.springframework.org/schema/util"
	xsi:schemaLocation="
		http://www.springframework.org/schema/batch	http://www.springframework.org/schema/batch/spring-batch-2.1.xsd
		http://www.springframework.org/schema/beans http://www.springframework.org/schema/beans/spring-beans-3.1.xsd
		http://www.springframework.org/schema/aop http://www.springframework.org/schema/aop/spring-aop-3.1.xsd
		http://www.springframework.org/schema/tx http://www.springframework.org/schema/tx/spring-tx-3.1.xsd
		http://www.springframework.org/schema/util http://www.springframework.org/schema/util/spring-util-3.1.xsd">

	<batch:job id="cuin.batch.cn.pic.job.makepic">

		<batch:step id="step01" next="step02">
			<batch:tasklet>
				<batch:chunk reader="makePicHeaderReader" processor="makePicHeaderProcessor" writer="makePicHeaderWriter" commit-interval="10" />
			</batch:tasklet>
		</batch:step>

		<batch:step id="step02">
			<batch:tasklet>
				<batch:chunk reader="makePicReader" processor="makePicProcessor" writer="makePicWriter" commit-interval="10" />
			</batch:tasklet>
		</batch:step>

	</batch:job>


	<bean id="makePicHeaderReader" class="org.springframework.batch.item.database.JdbcCursorItemReader" scope="step" >
	    <property name="dataSource" ref="dataSource"/>
		<property name="sql">
			<value>
				<![CDATA[
				SELECT INTG_CD_GRP_ID,
				       INTG_CD_GRP_NM
				  FROM INSOWN.CN_IM0001_MT
				]]>
			</value>
		</property>
	    <property name="rowMapper">
	        <bean class="org.springframework.jdbc.core.BeanPropertyRowMapper">
	        	<property name="mappedClass"  value="cuin.batch.cn.pic.dto.MakePicHeaderDto"/>
	        </bean>
	    </property>
	</bean>

	<bean id="makePicHeaderProcessor" class="cuin.batch.cn.pic.processor.MakePicHeaderProcessor">
	</bean>

	<bean id="makePicHeaderWriter" class="cuin.batch.cn.pic.writer.Dummy">
	</bean>

	<bean id="makePicReader" class="org.springframework.batch.item.database.JdbcCursorItemReader" scope="step" >
	    <property name="dataSource" ref="dataSource"/>
		<property name="sql">
			<value>
				<![CDATA[
				SELECT B.INTG_CD_GRP_ID,
				       A.INTG_CD_GRP_NM,
				       B.INTG_CD,
				       B.INTG_CD_NM
				FROM   INSOWN.CN_IM0001_MT A,
				       INSOWN.CN_IM0002_MT B
				WHERE  A.INTG_CD_GRP_ID = B.INTG_CD_GRP_ID
                ORDER  BY A.INTG_CD_GRP_ID, B.INTG_CD_SCRN_SQC, B.INTG_CD
				]]>
			</value>
		</property>
	    <property name="rowMapper">
	        <bean class="org.springframework.jdbc.core.BeanPropertyRowMapper">
	        	<property name="mappedClass"  value="cuin.batch.cn.pic.dto.MakePicDto"/>
	        </bean>
	    </property>
	</bean>

	<bean id="makePicProcessor" class="cuin.batch.cn.pic.processor.MakePicProcessor">
	</bean>

	<bean id="makePicWriter" class="cuin.batch.cn.pic.writer.Dummy">
	</bean>



	<bean id="FileWriter" class="org.springframework.batch.item.file.FlatFileItemWriter">
	    <property name="resource" value="test.txt"/>
	    <property name="shouldDeleteIfExists" value="true"/>
	    <property name="lineAggregator">
	        <bean class="org.springframework.batch.item.file.transform.DelimitedLineAggregator">
	            <property name="delimiter" value=":"/>
	            <property name="fieldExtractor">
	                <bean class="org.springframework.batch.item.file.transform.BeanWrapperFieldExtractor">
	                    <property name="names" value="intgCd,intgCdNm"/>
	                </bean>
	            </property>
	        </bean>
	    </property>
	</bean>






</beans>