<?xml version="1.0" encoding="UTF-8"?>
<beans xmlns="http://www.springframework.org/schema/beans"
	xmlns:xsi="http://www.w3.org/2001/XMLSchema-instance" xmlns:p="http://www.springframework.org/schema/p"
	xmlns:context="http://www.springframework.org/schema/context"
	xmlns:jee="http://www.springframework.org/schema/jee" xmlns:tx="http://www.springframework.org/schema/tx"
	xmlns:jdbc="http://www.springframework.org/schema/jdbc"
    xmlns:aop="http://www.springframework.org/schema/aop"
	xsi:schemaLocation="http://www.springframework.org/schema/beans http://www.springframework.org/schema/beans/spring-beans-4.1.xsd
		http://www.springframework.org/schema/tx http://www.springframework.org/schema/tx/spring-tx-4.1.xsd
		http://www.springframework.org/schema/jee http://www.springframework.org/schema/jee/spring-jee.xsd
		http://www.springframework.org/schema/context http://www.springframework.org/schema/context/spring-context-4.1.xsd
		http://www.springframework.org/schema/jdbc
		http://www.springframework.org/schema/jdbc/spring-jdbc-3.0.xsd
		http://www.springframework.org/schema/aop 
    	http://www.springframework.org/schema/aop/spring-aop-3.0.xsd">

	<bean id="datasourceInterceptor" class="hone.bom.dao.monitor.inteceptor.DataSourceInterceptor" />
	<bean
		class="hone.bom.dao.monitor.inteceptor.DataSourceBeanNameAutoProxyCreator">
		<property name="beanNames">
			<list>
				<value>ltsDataSource</value>
			</list>
		</property>
		<property name="interceptorNames">
			<list>
				<value>datasourceInterceptor</value>
			</list>
		</property>
	</bean>

 
<!-- 	
	<jdbc:embedded-database id="honeDataSource"
		type="HSQL">
	</jdbc:embedded-database>
	<jdbc:initialize-database data-source="honeDataSource"
		enabled="true" ignore-failures="ALL">
		<jdbc:script location="classpath:sql/hsql/import.sql" />
	</jdbc:initialize-database>
-->

 	<bean id="ltsDataSource" class="org.apache.commons.dbcp.BasicDataSource" destroy-method="close">
		<property name="driverClassName" value="${lts.jdbc.driver.class}" />
		<property name="url" value="${lts.jdbc.url}" />
		<property name="username" value="${lts.jdbc.id}" />
		<property name="password" value="${lts.jdbc.pwd}" />
		<property name="maxActive" value="5" />
		<property name="maxIdle" value="0" />
	</bean>

 	<bean id="honeDataSource" class="org.apache.commons.dbcp.BasicDataSource" destroy-method="close">
		<property name="driverClassName" value="${hone.jdbc.driver.class}" />
		<property name="url" value="${hone.jdbc.url}" />
		<property name="username" value="${hone.jdbc.id}" />
		<property name="password" value="${hone.jdbc.pwd}" />
		<property name="maxActive" value="5" />
		<property name="maxIdle" value="0" />
	</bean>

	<alias name="ltsDataSource" alias="dataSource" />

	<bean id="transactionManager"
		class="org.springframework.jdbc.datasource.DataSourceTransactionManager">
		<property name="dataSource" ref="ltsDataSource" />
	</bean>
	<tx:advice id="txAdvice" transaction-manager="transactionManager">
		<tx:attributes>
			<tx:method name="*" rollback-for="Exception" timeout="100" />
		</tx:attributes>
	</tx:advice>

	<aop:config>
		<aop:pointcut id="svOperation" expression="execution(* htc..service.*Service*.*(..))" />
		<aop:advisor order="2" advice-ref="txAdvice" pointcut-ref="svOperation" />
	</aop:config>
</beans>
